firstName,lastName,age,address,salary
Tester4,Bester4,40,1234 Best Circle,40000.0
Tester5,Bester5,55,1234 Park Circle,75000.0
Tester50,Bester50,55,1234 Park Circle,75000.0
Tester3,Bester3,30,1234 Best Circle,90000.0
Tester30,Bester30,30,1234 Best Circle,90000.0
Tester90,Bester90,29,1234 Test Circle,95000.0
Tester10,Bester10,25,1234 Test Circle,125000.0
Tester1,Bester1,25,1234 Test Circle,125000.0
Tester8,Bester8,65,1234 Park Circle,150000.0
Tester100,Bester100,35,1234 Test Circle,150000.0
Tester6,Bester6,23,1234 Park Circle,200000.0
Tester70,Bester70,47,1234 Park Circle,300000.0
Tester7,Bester7,47,1234 Park Circle,300000.0
Tester2,Bester2,40,1234 Test Circle,900000.0
