firstName,lastName,age,address,salary
Tester10,Bester10,25,1234 Test Circle,125000
Tester2,Bester2,40,1234 Test Circle,900000
Tester30,Bester30,30,1234 Best Circle,90000
Tester4,Bester4,40,1234 Best Circle,40000
Tester50,Bester50,55,1234 Park Circle,75000
Tester6,Bester6,23,1234 Park Circle,200000
Tester70,Bester70,47,1234 Park Circle,300000
Tester8,Bester8,65,1234 Park Circle,150000
Tester90,Bester90,29,1234 Test Circle,95000
Tester100,Bester100,35,1234 Test Circle,150000